"Status","Start Time","Stop Time","Duration in ms","Parent Suite","Suite","Sub Suite","Test Class","Test Method","Name","Description"
"passed","Tue Jan 05 16:10:41 CST 2021","Tue Jan 05 16:10:41 CST 2021","0","calculator2.0_test","test_cal","TestCode","","","test_mul[minus]",""
"passed","Tue Jan 05 16:10:41 CST 2021","Tue Jan 05 16:10:41 CST 2021","0","calculator2.0_test","test_cal","TestCode","","","test_add[bigint]",""
"passed","Tue Jan 05 16:10:41 CST 2021","Tue Jan 05 16:10:41 CST 2021","0","calculator2.0_test","test_cal","TestCode","","","test_add[int]",""
"passed","Tue Jan 05 16:10:41 CST 2021","Tue Jan 05 16:10:41 CST 2021","0","calculator2.0_test","test_cal","TestCode","","","test_add[minus]",""
"passed","Tue Jan 05 16:10:41 CST 2021","Tue Jan 05 16:10:41 CST 2021","0","calculator2.0_test","test_cal","TestCode","","","test_sub[float]",""
"passed","Tue Jan 05 16:10:41 CST 2021","Tue Jan 05 16:10:41 CST 2021","0","calculator2.0_test","test_cal","TestCode","","","test_sub[int]",""
"passed","Tue Jan 05 16:10:41 CST 2021","Tue Jan 05 16:10:41 CST 2021","0","calculator2.0_test","test_cal","TestCode","","","test_mul[int]",""
"passed","Tue Jan 05 16:10:41 CST 2021","Tue Jan 05 16:10:41 CST 2021","0","calculator2.0_test","test_cal","TestCode","","","test_mul[bigint]",""
"passed","Tue Jan 05 16:10:41 CST 2021","Tue Jan 05 16:10:41 CST 2021","0","calculator2.0_test","test_cal","TestCode","","","test_mul[float]",""
"passed","Tue Jan 05 16:10:41 CST 2021","Tue Jan 05 16:10:41 CST 2021","1","calculator2.0_test","test_cal","TestCode","","","test_div[bigint]",""
"passed","Tue Jan 05 16:10:41 CST 2021","Tue Jan 05 16:10:41 CST 2021","0","calculator2.0_test","test_cal","TestCode","","","test_add[float]",""
"passed","Tue Jan 05 16:10:41 CST 2021","Tue Jan 05 16:10:41 CST 2021","0","calculator2.0_test","test_cal","TestCode","","","test_div[int]",""
"passed","Tue Jan 05 16:10:41 CST 2021","Tue Jan 05 16:10:41 CST 2021","0","calculator2.0_test","test_cal","TestCode","","","test_div[minus]",""
"passed","Tue Jan 05 16:10:41 CST 2021","Tue Jan 05 16:10:41 CST 2021","1","calculator2.0_test","test_cal","TestCode","","","test_sub[bigint]",""
"passed","Tue Jan 05 16:10:41 CST 2021","Tue Jan 05 16:10:41 CST 2021","0","calculator2.0_test","test_cal","TestCode","","","test_sub[minus]",""
"passed","Tue Jan 05 16:10:41 CST 2021","Tue Jan 05 16:10:41 CST 2021","1","calculator2.0_test","test_cal","TestCode","","","test_div[float]",""
